{
  "num_runs": 5,
  "final_auc": {
    "values": [
      0.8193107367479161,
      0.8193107367479161,
      0.8193107367479161,
      0.8193107367479161,
      0.8193107367479161
    ],
    "mean": 0.8193107367479161,
    "stdev": 0.0
  },
  "final_loss": {
    "values": [
      0.5092421174049377,
      0.5092421174049377,
      0.5092421174049377,
      0.5092421174049377,
      0.5092421174049377
    ],
    "mean": 0.5092421174049377,
    "stdev": 0.0
  }
}