{
  "rounds": [
    1,
    2,
    3,
    4,
    5,
    6,
    7,
    8,
    9,
    10,
    11,
    12,
    13,
    14,
    15,
    16,
    17,
    18,
    19,
    20,
    21,
    22,
    23,
    24,
    25,
    26,
    27,
    28,
    29,
    30,
    31,
    32,
    33,
    34,
    35,
    36,
    37,
    38,
    39,
    40,
    41,
    42,
    43,
    44,
    45,
    46,
    47,
    48,
    49,
    50
  ],
  "loss": [
    0.6157397329807281,
    0.5487813353538513,
    0.5920798778533936,
    0.5290099084377289,
    0.5330611169338226,
    0.5381114482879639,
    0.5668992400169373,
    0.516738086938858,
    0.539525717496872,
    0.5285238921642303,
    0.5396274924278259,
    0.5291561484336853,
    0.53121617436409,
    0.5284260511398315,
    0.5339968502521515,
    0.527772456407547,
    0.5186275243759155,
    0.5200992226600647,
    0.5204708576202393,
    0.5464700758457184,
    0.5115906596183777,
    0.5186933279037476,
    0.5266993641853333,
    0.523093193769455,
    0.5328511297702789,
    0.5571803152561188,
    0.5358721315860748,
    0.5436142683029175,
    0.546587347984314,
    0.5460708737373352,
    0.5260214507579803,
    0.5167909562587738,
    0.5390138328075409,
    0.5234211981296539,
    0.5224539041519165,
    0.5458632707595825,
    0.5352646112442017,
    0.5397260189056396,
    0.5171249210834503,
    0.5273564755916595,
    0.5243876576423645,
    0.5162931978702545,
    0.5229818224906921,
    0.521591991186142,
    0.5292472541332245,
    0.5314627885818481,
    0.5125226974487305,
    0.5332992672920227,
    0.5116190612316132,
    0.5092421174049377
  ],
  "auc": [
    0.754904783520994,
    0.7890441205004091,
    0.7970911861422547,
    0.8022102651275131,
    0.8049928507713594,
    0.8068727341421777,
    0.807179042197066,
    0.8096210523356187,
    0.8104289303962294,
    0.810438495740879,
    0.8105557805356866,
    0.8117745278856197,
    0.8121450465151729,
    0.8130915167993431,
    0.8134300386546169,
    0.8135673351999306,
    0.8143677533930412,
    0.8145727815186528,
    0.8147227854283619,
    0.8146379055464811,
    0.8158079677863292,
    0.8159235487642436,
    0.8161524400439468,
    0.8162851142571187,
    0.8158646310352127,
    0.8155054042415713,
    0.8165764539890727,
    0.816846065196845,
    0.8169055756986734,
    0.816928431462929,
    0.8173306359039827,
    0.8173927053703466,
    0.817262936715641,
    0.817416124754639,
    0.8177878839961127,
    0.8175335132037063,
    0.8179735061007982,
    0.8182441085024286,
    0.8185690386929041,
    0.8181689462073911,
    0.81821069296047,
    0.8185534678795856,
    0.8187118645451318,
    0.8188808436627503,
    0.8190036933956235,
    0.8188845007145988,
    0.8192363000326965,
    0.818799066930268,
    0.8192605616078485,
    0.8193107367479161
  ],
  "num_rounds": 50
}