{
  "num_runs": 5,
  "final_auc": {
    "values": [
      0.8255295226442771,
      0.8255295226442771,
      0.8255295226442771,
      0.8255295226442771,
      0.8255295226442771
    ],
    "mean": 0.8255295226442771,
    "stdev": 0.0
  },
  "final_loss": {
    "values": [
      0.5040985643863678,
      0.5040985643863678,
      0.5040985643863678,
      0.5040985643863678,
      0.5040985643863678
    ],
    "mean": 0.5040985643863678,
    "stdev": 0.0
  },
  "final_accuracy": {
    "values": [
      0.7126497950173447,
      0.7126497950173447,
      0.7126497950173447,
      0.7126497950173447,
      0.7126497950173447
    ],
    "mean": 0.7126497950173447,
    "stdev": 0.0
  },
  "final_recall": {
    "values": [
      0.7923620933521924,
      0.7923620933521924,
      0.7923620933521924,
      0.7923620933521924,
      0.7923620933521924
    ],
    "mean": 0.7923620933521924,
    "stdev": 0.0
  },
  "final_f1": {
    "values": [
      0.4345619981941494,
      0.4345619981941494,
      0.4345619981941494,
      0.4345619981941494,
      0.4345619981941494
    ],
    "mean": 0.4345619981941494,
    "stdev": 0.0
  }
}