{
  "rounds": [
    1,
    2,
    3,
    4,
    5,
    6,
    7,
    8,
    9,
    10,
    11,
    12,
    13,
    14,
    15,
    16,
    17,
    18,
    19,
    20,
    21,
    22,
    23,
    24,
    25,
    26,
    27,
    28,
    29,
    30,
    31,
    32,
    33,
    34,
    35,
    36,
    37,
    38,
    39,
    40,
    41,
    42,
    43,
    44,
    45,
    46,
    47,
    48,
    49,
    50
  ],
  "loss": [
    0.5973947942256927,
    0.5570364594459534,
    0.5874479711055756,
    0.5089845061302185,
    0.5208861231803894,
    0.5334843397140503,
    0.5550583600997925,
    0.5180103778839111,
    0.5343375205993652,
    0.5247388482093811,
    0.53455451130867,
    0.5232143104076385,
    0.5410112738609314,
    0.5272642076015472,
    0.5289344191551208,
    0.5214739441871643,
    0.5067825317382812,
    0.5109772980213165,
    0.5167655646800995,
    0.5374276340007782,
    0.5201249420642853,
    0.5181077420711517,
    0.5258441865444183,
    0.5310632288455963,
    0.5296338796615601,
    0.5508308410644531,
    0.5194224119186401,
    0.5386077463626862,
    0.5432929694652557,
    0.5388038754463196,
    0.5216185450553894,
    0.5163556635379791,
    0.5277628600597382,
    0.5206717550754547,
    0.5220926105976105,
    0.5249145328998566,
    0.5143386423587799,
    0.5380918681621552,
    0.5144295692443848,
    0.5243320763111115,
    0.5131349861621857,
    0.5093192756175995,
    0.5186063349246979,
    0.5169396996498108,
    0.5175030827522278,
    0.5272669792175293,
    0.5077122747898102,
    0.5221426784992218,
    0.5183753371238708,
    0.5040985643863678
  ],
  "auc": [
    0.7536161148945275,
    0.7917186109474058,
    0.8015244788280019,
    0.8063522116029154,
    0.809698712050475,
    0.8111981648531599,
    0.8124048591562116,
    0.813618420553966,
    0.8144573365869542,
    0.8151745949110552,
    0.8158398868199139,
    0.8168511734083289,
    0.8168750462800073,
    0.8176432636295148,
    0.8182046194686928,
    0.8184691645745242,
    0.8190745540388849,
    0.8193447709762371,
    0.8200410069208006,
    0.8201917655630877,
    0.8207734862250939,
    0.8213424736091397,
    0.8214615464399265,
    0.8217309309040057,
    0.822046043092574,
    0.8221204571334246,
    0.8224702805421973,
    0.8225101194090594,
    0.8224900525922278,
    0.8228024665308493,
    0.8228123039679305,
    0.8228990658224632,
    0.8232154412973213,
    0.8234906725094846,
    0.8236511843697668,
    0.8238956140708324,
    0.8240500459609466,
    0.8238297158752523,
    0.8242076652195452,
    0.8243377707505948,
    0.8245107697099707,
    0.8246073754799759,
    0.8247803938745257,
    0.8248251012523962,
    0.8249448575534575,
    0.8251672639635406,
    0.8250295495619928,
    0.8251126154943295,
    0.8253549267614633,
    0.8255295226442771
  ],
  "accuracy": [
    0.7134973194575844,
    0.720060706401766,
    0.6896483759066541,
    0.7317683695994954,
    0.7218148848943551,
    0.7108167770419427,
    0.6955810469883318,
    0.7147784610532955,
    0.7013560391043835,
    0.7043125197098707,
    0.6976702932828761,
    0.7053374329864396,
    0.6903382213812678,
    0.6983798486281929,
    0.6970592872910755,
    0.7027160201829077,
    0.7125118259224219,
    0.7109941658782719,
    0.7049038158309682,
    0.6904761904761905,
    0.7025977609586882,
    0.7031299274676758,
    0.6974337748344371,
    0.6940042573320719,
    0.6951080100914537,
    0.6804832860296437,
    0.7012180700094608,
    0.6866130558183539,
    0.6834594765058342,
    0.6856275622831914,
    0.6982418795332703,
    0.7003311258278146,
    0.6941028066855881,
    0.6982024597918638,
    0.6991091138442131,
    0.6982024597918637,
    0.7051206244087038,
    0.6892344686218859,
    0.7048643960895618,
    0.6972760958688111,
    0.7045293282876064,
    0.7092991169977925,
    0.7023612425102491,
    0.7050023651844843,
    0.7023021128981394,
    0.6973549353516242,
    0.7093779564806055,
    0.6999172185430464,
    0.7030707978555661,
    0.7126497950173447
  ],
  "recall": [
    0.6466760961810467,
    0.7182461103253183,
    0.7906647807637907,
    0.7285714285714285,
    0.7560113154172561,
    0.7789250353606789,
    0.8038189533239037,
    0.7783592644978783,
    0.799009900990099,
    0.7951909476661951,
    0.806082036775106,
    0.7987270155586987,
    0.8157001414427156,
    0.804950495049505,
    0.8065063649222065,
    0.8,
    0.7891089108910891,
    0.7919377652050918,
    0.7978783592644978,
    0.8199434229137199,
    0.804950495049505,
    0.805091937765205,
    0.8134370579915134,
    0.8164073550212164,
    0.8135785007072136,
    0.8306930693069307,
    0.8067892503536067,
    0.8243281471004243,
    0.8278642149929278,
    0.8284299858557285,
    0.8077793493635078,
    0.8077793493635078,
    0.8181046676096181,
    0.8137199434229136,
    0.8124469589816123,
    0.8145685997171146,
    0.803960396039604,
    0.8243281471004243,
    0.8046676096181047,
    0.8132956152758133,
    0.8043847241867044,
    0.7984441301272984,
    0.806930693069307,
    0.8042432814710042,
    0.8072135785007073,
    0.8154172560113154,
    0.7977369165487977,
    0.8113154172560113,
    0.8082036775106083,
    0.7923620933521924
  ],
  "f1": [
    0.38614740364171635,
    0.4169476194796593,
    0.4152342350830765,
    0.43086431429389854,
    0.4310061217582089,
    0.42882421166722534,
    0.42395379871483163,
    0.43203530634013154,
    0.4271661496923106,
    0.4284375755377855,
    0.4263196646267729,
    0.4303761349982297,
    0.4233549972515924,
    0.4265492497907495,
    0.4259503163377354,
    0.42859152045944526,
    0.43343511347914077,
    0.43302681912587404,
    0.4297378395048402,
    0.42473006794328305,
    0.4299956623077838,
    0.4304823344226459,
    0.42835295374681825,
    0.4264870048603615,
    0.4265173942531553,
    0.4201539554040619,
    0.429423498748867,
    0.4230042033402228,
    0.4216059214355036,
    0.4234491903473954,
    0.4272906878767,
    0.4289891627332838,
    0.4270624032948504,
    0.4290538299184795,
    0.4294084146291083,
    0.4293145775362195,
    0.43178119509234114,
    0.42505973101097494,
    0.43178086687747647,
    0.42817239350851566,
    0.43141484547283515,
    0.4335863493697961,
    0.4303947396504313,
    0.43176578265584503,
    0.43043387407420214,
    0.4288690557657245,
    0.43344175882587443,
    0.4297188908972004,
    0.4313678661773217,
    0.4345619981941494
  ],
  "num_rounds": 50
}