{
  "num_runs": 5,
  "final_auc": {
    "values": [
      0.8208425977574987,
      0.8208425977574987,
      0.8208425977574987,
      0.8208425977574987,
      0.8208425977574987
    ],
    "mean": 0.8208425977574987,
    "stdev": 0.0
  },
  "final_loss": {
    "values": [
      0.526494950056076,
      0.526494950056076,
      0.526494950056076,
      0.526494950056076,
      0.526494950056076
    ],
    "mean": 0.526494950056076,
    "stdev": 0.0
  },
  "final_accuracy": {
    "values": [
      0.6960146641438032,
      0.6960146641438032,
      0.6960146641438032,
      0.6960146641438032,
      0.6960146641438032
    ],
    "mean": 0.6960146641438032,
    "stdev": 0.0
  },
  "final_recall": {
    "values": [
      0.8087300528292103,
      0.8087300528292103,
      0.8087300528292103,
      0.8087300528292103,
      0.8087300528292103
    ],
    "mean": 0.8087300528292103,
    "stdev": 0.0
  },
  "final_f1": {
    "values": [
      0.42091832208132013,
      0.42091832208132013,
      0.42091832208132013,
      0.42091832208132013,
      0.42091832208132013
    ],
    "mean": 0.42091832208132013,
    "stdev": 0.0
  }
}