{
  "rounds": [
    1,
    2,
    3,
    4,
    5,
    6,
    7,
    8,
    9,
    10,
    11,
    12,
    13,
    14,
    15,
    16,
    17,
    18,
    19,
    20,
    21,
    22,
    23,
    24,
    25,
    26,
    27,
    28,
    29,
    30,
    31,
    32,
    33,
    34,
    35,
    36,
    37,
    38,
    39,
    40,
    41,
    42,
    43,
    44,
    45,
    46,
    47,
    48,
    49,
    50
  ],
  "loss": [
    0.592614620923996,
    0.5875596702098846,
    0.5573305785655975,
    0.54763063788414,
    0.5524970591068268,
    0.5487410724163055,
    0.5636547207832336,
    0.516473263502121,
    0.5393241047859192,
    0.5438893735408783,
    0.5505062937736511,
    0.5458333194255829,
    0.5457749366760254,
    0.5243133306503296,
    0.5227407813072205,
    0.554797500371933,
    0.5309325158596039,
    0.5306515097618103,
    0.5296720564365387,
    0.5332188606262207,
    0.5434404909610748,
    0.5335170030593872,
    0.5309288203716278,
    0.52434903383255,
    0.530563622713089,
    0.5362182855606079,
    0.5393564403057098,
    0.5328817069530487,
    0.5359376072883606,
    0.5359001457691193,
    0.5164839923381805,
    0.5319702327251434,
    0.5452454090118408,
    0.5278790891170502,
    0.5318343043327332,
    0.5412347614765167,
    0.5368071496486664,
    0.5352750420570374,
    0.5304126441478729,
    0.520816907286644,
    0.53300741314888,
    0.5339165031909943,
    0.5289570391178131,
    0.5501613020896912,
    0.5303546190261841,
    0.5437281727790833,
    0.5314045250415802,
    0.5291162729263306,
    0.5286888480186462,
    0.526494950056076
  ],
  "auc": [
    0.7551852561755468,
    0.787964647594739,
    0.7986729410015607,
    0.8036560169059868,
    0.8066783431525745,
    0.808712503263386,
    0.809342798806528,
    0.8106978295974618,
    0.8113341183066562,
    0.8120208026274067,
    0.812692426324971,
    0.813694736482421,
    0.8139694777675035,
    0.8149263908041814,
    0.8156559788237067,
    0.8154620024674237,
    0.8161473454692629,
    0.816633195398233,
    0.8171615623061569,
    0.8170900967739783,
    0.8168176960753607,
    0.8172672293170222,
    0.8177856295999042,
    0.8178646461403126,
    0.8179550232679378,
    0.818537098218961,
    0.8187030213578006,
    0.8189275377858922,
    0.8190068552868655,
    0.8191035297805458,
    0.8193160668755554,
    0.819415700496537,
    0.8193475993105653,
    0.8195734256589418,
    0.8197208837306859,
    0.8198481829046927,
    0.8198463944470112,
    0.8198935205885727,
    0.8199947655864623,
    0.8198791949351543,
    0.8199683731455932,
    0.8200741051770448,
    0.820228961012554,
    0.8202366644790946,
    0.8205414208714535,
    0.820544002635988,
    0.8205580148488354,
    0.8205922374657335,
    0.8207951295698248,
    0.8208425977574987
  ],
  "accuracy": [
    0.7189766635130873,
    0.7006859035004731,
    0.7057119205298013,
    0.7070916114790287,
    0.6993456322926521,
    0.6973352254809209,
    0.6836762850835698,
    0.7118416903185115,
    0.6973549353516242,
    0.6941028066855881,
    0.6855290129296752,
    0.6872831914222644,
    0.6871649321980448,
    0.7021444339325134,
    0.7014348785871964,
    0.6815673289183223,
    0.6962117628508357,
    0.6965665405234942,
    0.6968030589719332,
    0.6944575843582466,
    0.687263481551561,
    0.6920726900031535,
    0.6955219173762219,
    0.6996215704824976,
    0.6969804478082624,
    0.692190949227373,
    0.6897469252601702,
    0.6943787448754336,
    0.6926836959949543,
    0.6941028066855881,
    0.7068550930305897,
    0.6974534847051403,
    0.6883672343109428,
    0.6980644906969411,
    0.6953839482812992,
    0.6906929990539262,
    0.6919150110375276,
    0.6915602333648692,
    0.6936888994008199,
    0.7006267738883634,
    0.6953839482812993,
    0.6955613371176286,
    0.6963300220750552,
    0.6825528224534847,
    0.6938662882371491,
    0.6862976978871018,
    0.6920726900031535,
    0.6943590350047304,
    0.6936494796594135,
    0.6960146641438032
  ],
  "recall": [
    0.6336517291956119,
    0.7413962337364266,
    0.7547911050385783,
    0.7643336201321653,
    0.7818277160000986,
    0.7878757920562169,
    0.8052579560183114,
    0.7663494983022116,
    0.7896901486411555,
    0.794147511151023,
    0.8042945909999331,
    0.8052353930187519,
    0.8058627415466243,
    0.7891751735651014,
    0.7899367962253824,
    0.8174658192633971,
    0.8001509027540017,
    0.7995237749991191,
    0.8010021150935517,
    0.8032197356216955,
    0.8120225287355916,
    0.8048546920751063,
    0.8040483849616857,
    0.7970373854331685,
    0.8022565913763068,
    0.8082150777531562,
    0.8109478941303438,
    0.8069606014704012,
    0.8088645477346086,
    0.8094246488097819,
    0.7915494104522234,
    0.8045861438102893,
    0.8174660400363869,
    0.8049670655269247,
    0.8070950963757995,
    0.8165028957909983,
    0.813053361979659,
    0.8141956855835856,
    0.8094244280367922,
    0.8008678409611432,
    0.8089988218670171,
    0.8090660693197163,
    0.8071621230555088,
    0.8250371406400774,
    0.8102083929236428,
    0.821520359376039,
    0.8128292773949917,
    0.8097381023007283,
    0.8090884115462861,
    0.8087300528292103
  ],
  "f1": [
    0.38070046183195794,
    0.4030746835547109,
    0.41140441443633335,
    0.41541278797271086,
    0.4152277268128033,
    0.41557559462391924,
    0.4110025496284272,
    0.41999869058656913,
    0.4161383993990102,
    0.41519325633394116,
    0.4120989112516944,
    0.41361484051759356,
    0.41363188190255856,
    0.4194935517046958,
    0.4192056197653766,
    0.41325138049413535,
    0.41852660857016233,
    0.4185775448983356,
    0.4192263575107572,
    0.41811652391905985,
    0.4156666036918776,
    0.4169240247934689,
    0.41918822704835,
    0.42006612208143046,
    0.41961656760959587,
    0.4178967307769827,
    0.4168386010513629,
    0.4190531515178551,
    0.4184093798402864,
    0.419584734977219,
    0.4239070886269321,
    0.4206791260400966,
    0.4178195935554907,
    0.42116607942188533,
    0.41978695303423197,
    0.4191945177676133,
    0.41914813768448234,
    0.4192751513223691,
    0.4194355777557391,
    0.4218858014322653,
    0.42063164309121626,
    0.4206619171026562,
    0.4206574908869468,
    0.4159804839882129,
    0.41982861987176434,
    0.41760522434346126,
    0.41924178737034323,
    0.41997468712940916,
    0.4193451617582793,
    0.42091832208132013
  ],
  "num_rounds": 50
}